ID,R值,子集,总集,子集累积,总集累积
6,1.17857142857143,6.6,5.6,6.6,5.6
10,1.11111111111111,10,9,16.6,14.6
11,1.1,2.2,2,18.8,16.6
7,1.0952380952381,4.6,4.2,23.4,20.8
5,1.06824925816024,36,33.7,59.4,54.5
4,1.03846153846154,2.7,2.6,62.1,57.1
1,0.945454545454545,5.2,5.5,67.3,62.6
9,0.920634920634921,11.6,12.6,78.9,75.2
2,0.897727272727273,7.9,8.8,86.8,84
8,0.83,8.3,10,95.1,94
3,0.816666666666667,4.9,6,100,100
