ID,R值,子集,总集,子集累积,总集累积
4,4.84615384615385,12.6,2.6,12.6,2.6
6,2,11.2,5.6,23.8,8.2
10,1.73333333333333,15.6,9,39.4,17.2
3,1.26666666666667,7.6,6,47,23.2
11,1.15,2.3,2,49.3,25.2
1,0.945454545454545,5.2,5.5,54.5,30.7
2,0.886363636363636,7.8,8.8,62.3,39.5
7,0.857142857142857,3.6,4.2,65.9,43.7
8,0.69,6.9,10,72.8,53.7
5,0.688427299703264,23.2,33.7,96,87.4
9,0.333333333333333,4.2,12.6,100.2,100
